,biocarta entry,biocarta p,biocarta sig,chr entry,chr p,chr sig,cp entry,cp p,cp sig,go entry,go p,go sig,kegg entry,kegg p,kegg sig,mir entry,mir p,mir sig,reactome entry,reactome p,reactome sig,threshold
0,BIOCARTA_RANMS_PATHWAY,0.234203552665,False,chr12q23,0.0795276436694,False,PID_AURORA_A_PATHWAY,0.00820464826344,False,GO_IDENTICAL_PROTEIN_BINDING,2.1833078904e-09,True,KEGG_ARGININE_AND_PROLINE_METABOLISM,0.0249647653458,False,"TTGGGAG,MIR-150",0.00148455817845,False,REACTOME_HEMOSTASIS,0.0142638586684,False,0.000586039599898
1,BIOCARTA_VITCB_PATHWAY,0.0215376574544,True,chr13q34,0.10367752943,False,BIOCARTA_VITCB_PATHWAY,0.0215376574544,True,GO_CELL_PART_MORPHOGENESIS,0.0168925195899,True,KEGG_MISMATCH_REPAIR,0.0450215245306,False,,,,REACTOME_NCAM1_INTERACTIONS,0.0763142652609,False,0.0254524873374
2,,,,chr12p11,0.0378623030709,False,REACTOME_MITOCHONDRIAL_TRNA_AMINOACYLATION,0.0137087649053,True,GO_MITOCHONDRIAL_RNA_METABOLIC_PROCESS,0.0189311515358,False,KEGG_AMINOACYL_TRNA_BIOSYNTHESIS,0.026764731481,False,,,,REACTOME_MITOCHONDRIAL_TRNA_AMINOACYLATION,0.0137087649053,True,0.0182783532068
3,BIOCARTA_PROTEASOME_PATHWAY,5.89315361101e-06,False,chr16p13,1.49414061049e-05,False,REACTOME_METABOLISM_OF_RNA,5.29570564035e-24,False,GO_RNA_BINDING,5.04695589386e-55,True,KEGG_HUNTINGTONS_DISEASE,4.89814971785e-10,False,"GCACTTT,MIR-17-5P,MIR-20A,MIR-106A,MIR-106B,MIR-20B,MIR-519D",5.38728625805e-11,False,REACTOME_METABOLISM_OF_RNA,5.29570564035e-24,False,1.91552129824e-30
4,BIOCARTA_RHO_PATHWAY,1.00772172813e-05,False,chr11q13,0.000309062691514,False,REACTOME_IMMUNE_SYSTEM,1.41493884933e-30,False,GO_ENZYME_BINDING,6.3013945807e-77,True,KEGG_PATHWAYS_IN_CANCER,1.4952052984e-14,False,"TGCCTTA,MIR-124A",1.82635569299e-42,True,REACTOME_IMMUNE_SYSTEM,1.41493884933e-30,False,6.11142395402e-42
5,BIOCARTA_PROTEASOME_PATHWAY,0.0182783532068,True,chr9q34,0.174297153797,False,BIOCARTA_PROTEASOME_PATHWAY,0.0182783532068,True,GO_PROTEASOME_CORE_COMPLEX,0.0130559665764,True,KEGG_PROTEASOME,0.0313343197826,False,,,,REACTOME_CROSS_PRESENTATION_OF_SOLUBLE_EXOGENOUS_ANTIGENS_ENDOSOMES,0.0313343197826,False,0.0182783532068
6,,,,chr19q12,0.162816554252,False,KEGG_PARKINSONS_DISEASE,0.0110530048849,False,GO_HYDROGEN_ION_TRANSMEMBRANE_TRANSPORTER_ACTIVITY,0.00663750227377,True,KEGG_PARKINSONS_DISEASE,0.0110530048849,False,"CTCAGGG,MIR-125B,MIR-125A",0.066411158181,False,REACTOME_COLLAGEN_FORMATION,0.376516581446,False,0.007162345512
7,,,,chr7q22,0.0972669509946,False,REACTOME_HYALURONAN_UPTAKE_AND_DEGRADATION,0.00652798328832,True,GO_HYALURONAN_CATABOLIC_PROCESS,0.00979197493249,True,KEGG_GLYCOSAMINOGLYCAN_DEGRADATION,0.0137087649053,True,,,,REACTOME_HYALURONAN_UPTAKE_AND_DEGRADATION,0.00652798328832,True,0.0182783532068
8,BIOCARTA_ETC_PATHWAY,0.223535071757,False,chr19p13,9.43146123397e-06,False,REACTOME_METABOLISM_OF_PROTEINS,1.31244524766e-05,False,GO_MITOCHONDRION,2.910914097e-35,True,KEGG_RIBOSOME,0.00018496088004,False,"TTGCACT,MIR-130A,MIR-301,MIR-130B",3.55064796698e-08,False,REACTOME_METABOLISM_OF_PROTEINS,1.31244524766e-05,False,2.74199387621e-22
9,,,,chr12q23,0.0633214378943,False,PID_P75_NTR_PATHWAY,0.0450430846882,False,GO_PEPTIDYL_ARGININE_METHYLATION,0.00913917660353,True,KEGG_NEUROTROPHIN_SIGNALING_PATHWAY,0.0822525894294,False,"CTAGGAA,MIR-384",0.0417790930452,False,REACTOME_P75_NTR_RECEPTOR_MEDIATED_SIGNALLING,0.0528766646343,False,0.0182783532068
10,,,,chr12q24,0.186047523713,False,,,,GO_NUCLEAR_LOCALIZATION_SEQUENCE_BINDING,0.0137087649053,True,,,,,,,,,,0.0182783532068
11,,,,chr17p11,0.335592076402,False,REACTOME_APOPTOSIS_INDUCED_DNA_FRAGMENTATION,0.0254524873374,True,GO_DNA_PACKAGING_COMPLEX,0.000491707341346,True,KEGG_SYSTEMIC_LUPUS_ERYTHEMATOSUS,0.273346830739,False,"GTCAGGA,MIR-378",0.115399534276,False,REACTOME_APOPTOSIS_INDUCED_DNA_FRAGMENTATION,0.0254524873374,True,0.0254524873374
12,BIOCARTA_EIF_PATHWAY,0.743371301596,False,chr1q21,0.0736753005786,False,REACTOME_METABOLISM_OF_PROTEINS,1.63872553145e-08,True,GO_RIBOSOME,2.79789480051e-09,True,KEGG_RIBOSOME,8.70508640872e-06,True,"CTACCTC,LET-7A,LET-7B,LET-7C,LET-7D,LET-7E,LET-7F,MIR-98,LET-7G,LET-7I",0.00106572080927,False,REACTOME_METABOLISM_OF_PROTEINS,1.63872553145e-08,True,1.87485141893e-05
13,BIOCARTA_SODD_PATHWAY,0.408774923481,False,chr8q24,0.0965713393578,False,REACTOME_RNA_POL_III_TRANSCRIPTION_INITIATION_FROM_TYPE_3_PROMOTER,0.0176540358411,False,GO_TRANSCRIPTION_FROM_RNA_POLYMERASE_II_PROMOTER,1.8917988395e-05,True,KEGG_COLORECTAL_CANCER,0.0995095840477,False,"TGCACTT,MIR-519C,MIR-519B,MIR-519A",0.10118032461,False,REACTOME_RNA_POL_III_TRANSCRIPTION_INITIATION_FROM_TYPE_3_PROMOTER,0.0176540358411,False,4.39203317237e-05
14,,,,chr1q22,0.0554878579508,False,REACTOME_METABOLISM_OF_PORPHYRINS,0.00913917660353,True,GO_HEME_BIOSYNTHETIC_PROCESS,0.0130559665764,True,KEGG_PORPHYRIN_AND_CHLOROPHYLL_METABOLISM,0.026764731481,False,,,,REACTOME_METABOLISM_OF_PORPHYRINS,0.00913917660353,True,0.0182783532068
15,,,,chr22q,0.00391678997302,True,,,,GO_COBALAMIN_METABOLIC_PROCESS,0.0137087649053,True,,,,"CCTGCTG,MIR-214",0.156671598919,False,,,,0.0182783532068
16,,,,chr13q33,0.0378507684777,False,PID_EPHRINB_REV_PATHWAY,0.039155541234,False,GO_CELL_PART_MORPHOGENESIS,0.00568286123875,True,KEGG_AXON_GUIDANCE,0.168187413156,False,"ACATTCC,MIR-1,MIR-206",0.00127420324434,True,REACTOME_GOLGI_ASSOCIATED_VESICLE_BIOGENESIS,0.0691574734155,False,0.0208861372794
17,BIOCARTA_RB_PATHWAY,0.0169705405433,True,chr17q25,0.28394808186,False,SA_G2_AND_M_PHASES,0.0104439777709,True,GO_NADPH_BINDING,0.0182757678663,True,KEGG_CELL_CYCLE,0.166885453026,False,"AGGAAGC,MIR-516-3P",0.160375226193,False,REACTOME_VITAMIN_B5_PANTOTHENATE_METABOLISM,0.0143600006664,True,0.0208861372794
18,BIOCARTA_AKAP95_PATHWAY,0.0253758102786,False,chr19p13,0.0781264017569,False,REACTOME_RESPIRATORY_ELECTRON_TRANSPORT_ATP_SYNTHESIS_BY_CHEMIOSMOTIC_COUPLING_AND_HEAT_PRODUCTION_BY_UNCOUPLING_PROTEINS_,3.18233809354e-09,True,GO_RNA_BINDING,2.81381327621e-16,True,KEGG_PARKINSONS_DISEASE,1.02685489495e-06,False,"CAGTGTT,MIR-141,MIR-200A",0.000588195034294,False,REACTOME_RESPIRATORY_ELECTRON_TRANSPORT_ATP_SYNTHESIS_BY_CHEMIOSMOTIC_COUPLING_AND_HEAT_PRODUCTION_BY_UNCOUPLING_PROTEINS_,3.18233809354e-09,True,3.69377384527e-09
19,,,,chr2p24,0.0443902863602,False,KEGG_AMINO_SUGAR_AND_NUCLEOTIDE_SUGAR_METABOLISM,0.0287231264678,False,GO_AMINO_SUGAR_BIOSYNTHETIC_PROCESS,0.00718078161717,True,KEGG_AMINO_SUGAR_AND_NUCLEOTIDE_SUGAR_METABOLISM,0.0287231264678,False,"TGCACTT,MIR-519C,MIR-519B,MIR-519A",0.292453651306,False,,,,0.0182783532068
20,,,,chr2p24,0.003566698954,False,KEGG_ALZHEIMERS_DISEASE,0.000102198165671,False,GO_MITOCHONDRION,3.16887356407e-16,True,KEGG_ALZHEIMERS_DISEASE,0.000102198165671,False,"GCACTTT,MIR-17-5P,MIR-20A,MIR-106A,MIR-106B,MIR-20B,MIR-519D",3.31896422412e-07,False,REACTOME_METABOLISM_OF_LIPIDS_AND_LIPOPROTEINS,0.00117331880764,False,3.44059636625e-15
21,,,,chr1p13,0.279186017883,False,KEGG_GLUTATHIONE_METABOLISM,0.0978153777283,False,GO_POSITIVE_REGULATION_OF_INTRACELLULAR_TRANSPORT,0.00578723131644,True,KEGG_GLUTATHIONE_METABOLISM,0.0978153777283,False,,,,REACTOME_FACTORS_INVOLVED_IN_MEGAKARYOCYTE_DEVELOPMENT_AND_PLATELET_PRODUCTION,0.257771925996,False,0.0254524873374
22,BIOCARTA_GLEEVEC_PATHWAY,0.0450215245306,False,chr1q22,0.166159482421,False,PID_TCR_JNK_PATHWAY,0.0274097744668,False,GO_REGULATION_OF_FIBRINOLYSIS,0.0274097744668,False,KEGG_RENAL_CELL_CARCINOMA,0.136881917751,False,"GCTCTTG,MIR-335",0.000311139634259,True,REACTOME_REGULATION_OF_SIGNALING_BY_CBL,0.0352380709285,False,0.0254524873374
23,BIOCARTA_MAPK_PATHWAY,0.000348599030251,False,chr12q24,7.39135157916e-06,False,REACTOME_METABOLISM_OF_PROTEINS,4.67963126113e-16,False,GO_RNA_BINDING,1.26172311501e-48,True,KEGG_PATHWAYS_IN_CANCER,6.16075166822e-09,False,"GTGCCTT,MIR-506",1.20459444164e-26,False,REACTOME_METABOLISM_OF_PROTEINS,4.67963126113e-16,False,2.41467118883e-31
24,,,,chr15q23,0.029375924797,False,,,,GO_POSITIVE_REGULATION_OF_PROTEIN_LOCALIZATION_TO_CELL_SURFACE,0.00718078161717,True,,,,"GGGACCA,MIR-133A,MIR-133B",0.13121246409,False,,,,0.0182783532068
25,,,,chr1q32,0.129906867436,False,,,,GO_SET1C_COMPASS_COMPLEX,0.00718078161717,True,,,,"AAGTCCA,MIR-422B,MIR-422A",0.0463486813466,False,,,,0.0182783532068
26,BIOCARTA_KREB_PATHWAY,0.0469728507905,False,chr3p26,0.193341929329,False,KEGG_PURINE_METABOLISM,0.000100859238715,True,GO_NUCLEOBASE_CONTAINING_SMALL_MOLECULE_METABOLIC_PROCESS,7.63364887211e-07,True,KEGG_PURINE_METABOLISM,0.000100859238715,True,"CTCAAGA,MIR-526B",0.437811175504,False,REACTOME_PURINE_METABOLISM,0.000538325989031,True,0.00820736881985
27,,,,chrxq21,0.050918269647,False,KEGG_GLYCOSPHINGOLIPID_BIOSYNTHESIS_GLOBO_SERIES,0.00913917660353,True,GO_GLYCOSYLCERAMIDE_METABOLIC_PROCESS,0.00783357994591,True,KEGG_GLYCOSPHINGOLIPID_BIOSYNTHESIS_GLOBO_SERIES,0.00913917660353,True,,,,REACTOME_GLYCOSPHINGOLIPID_METABOLISM,0.0248063364957,False,0.0182783532068
28,,,,chr7q22,0.194220649693,False,KEGG_NOD_LIKE_RECEPTOR_SIGNALING_PATHWAY,0.0808932688447,False,GO_POSITIVE_REGULATION_OF_LOCOMOTION,0.00249982482656,True,KEGG_NOD_LIKE_RECEPTOR_SIGNALING_PATHWAY,0.0808932688447,False,"GTGCCAT,MIR-183",0.228046867817,False,,,,0.0208861372794
29,BIOCARTA_CELLCYCLE_PATHWAY,2.28462265798e-07,False,chr19q13,1.57228518112e-05,False,REACTOME_CELL_CYCLE_MITOTIC,1.3232096213e-32,True,GO_CELL_CYCLE,8.18940621866e-45,True,KEGG_CELL_CYCLE,6.03698141813e-16,True,"TGCACTT,MIR-519C,MIR-519B,MIR-519A",1.32916306471e-10,False,REACTOME_CELL_CYCLE_MITOTIC,1.3232096213e-32,True,1.43594720863e-14
30,BIOCARTA_P35ALZHEIMERS_PATHWAY,0.0143600006664,True,chrxq22,0.153864289086,False,BIOCARTA_P35ALZHEIMERS_PATHWAY,0.0143600006664,True,GO_MRNA_CLEAVAGE_AND_POLYADENYLATION_SPECIFICITY_FACTOR_COMPLEX,0.0156652848098,True,KEGG_APOPTOSIS,0.114783751117,False,"GTGCCTT,MIR-506",0.941671255939,False,REACTOME_PROCESSING_OF_INTRONLESS_PRE_MRNAS,0.0182757678663,True,0.0208861372794
31,BIOCARTA_FREE_PATHWAY,0.00652798328832,True,chr20q11,0.102489337624,False,BIOCARTA_FREE_PATHWAY,0.00652798328832,True,GO_OLIGOPEPTIDE_BINDING,0.00783357994591,True,KEGG_GLUTATHIONE_METABOLISM,0.0326399164408,False,,,,REACTOME_GLUTATHIONE_CONJUGATION,0.015014361563,True,0.0182783532068
32,,,,chr6q23,0.152499001387,False,KEGG_RIBOSOME,0.0003258571601,True,GO_ESTABLISHMENT_OF_PROTEIN_LOCALIZATION_TO_ENDOPLASMIC_RETICULUM,0.000455821664935,True,KEGG_RIBOSOME,0.0003258571601,True,,,,REACTOME_PEPTIDE_CHAIN_ELONGATION,0.000988894882608,True,0.0254524873374
33,,,,chr11p11,0.16297940214,False,,,,GO_PLATELET_DENSE_GRANULE_LUMEN,0.0182757678663,True,,,,,,,,,,0.0208861372794
34,BIOCARTA_P53_PATHWAY,0.0322555425505,False,chr19p13,4.84864558292e-09,True,REACTOME_MRNA_SPLICING,3.74820815245e-05,False,GO_RNA_BINDING,4.74662210606e-16,True,KEGG_SPLICEOSOME,8.60566090595e-05,False,"ACACTCC,MIR-122A",0.00254334339696,False,REACTOME_MRNA_SPLICING,3.74820815245e-05,False,4.03145893542e-08
35,BIOCARTA_HIVNEF_PATHWAY,5.89657666529e-10,False,chr12q24,8.89850907455e-10,False,REACTOME_IMMUNE_SYSTEM,6.8295995873e-41,False,GO_RNA_BINDING,2.87459726946e-147,True,KEGG_FOCAL_ADHESION,3.69749819871e-17,False,"GTGCCTT,MIR-506",1.0658282814e-33,False,REACTOME_IMMUNE_SYSTEM,6.8295995873e-41,False,2.94857697363e-108
36,,,,chr16p12,0.0789885977861,False,REACTOME_RESPIRATORY_ELECTRON_TRANSPORT,0.0515710679776,False,GO_GLYOXYLATE_METABOLIC_PROCESS,0.0182783532068,True,KEGG_PARKINSONS_DISEASE,0.0868221777332,False,"CTTGTAT,MIR-381",0.134476455734,False,REACTOME_RESPIRATORY_ELECTRON_TRANSPORT,0.0515710679776,False,0.0182783532068
37,,,,chr8q24,0.139698842371,False,,,,GO_MRNA_CLEAVAGE_AND_POLYADENYLATION_SPECIFICITY_FACTOR_COMPLEX,0.00783357994591,True,,,,"CTACCTC,LET-7A,LET-7B,LET-7C,LET-7D,LET-7E,LET-7F,MIR-98,LET-7G,LET-7I",0.255244146567,False,,,,0.0182783532068
38,,,,chr3p21,0.176908347111,False,,,,GO_POLYSACCHARIDE_BIOSYNTHETIC_PROCESS,0.0274175298102,False,,,,"TGCCTTA,MIR-124A",0.360344677509,False,,,,0.0182783532068
39,,,,chr2p14,0.0326399164408,False,,,,,,,,,,"GCACCTT,MIR-18A,MIR-18B",0.0763774044706,False,,,,0.0182783532068
40,,,,chr16q22,0.109670119244,False,,,,,,,,,,"AGGCACT,MIR-515-3P",0.0580990512664,False,,,,0.0182783532068
41,,,,chr14q31,0.0319871181118,False,,,,GO_PROTEIN_LOCALIZATION_TO_CILIUM,0.0176255548784,True,,,,"GGCCAGT,MIR-193A,MIR-193B",0.0580990512664,False,,,,0.0182783532068
42,,,,chr4p15,0.0548350596195,False,,,,GO_TCTN_B9D_COMPLEX,0.00783357994591,True,,,,,,,,,,0.0182783532068
43,,,,chr16p13,0.220645835143,False,,,,GO_PHOSPHATIDYLINOSITOL_BINDING,0.130559665767,False,,,,,,,,,,0.0182783532068
44,,,,,,,,,,,,,,,,,,,,,,0.0182783532068
45,,,,chr3p23,0.0124031682473,True,REACTOME_ALPHA_LINOLENIC_ACID_ALA_METABOLISM,0.00783357994591,True,GO_ALPHA_LINOLENIC_ACID_METABOLIC_PROCESS,0.00848637827476,True,KEGG_BIOSYNTHESIS_OF_UNSATURATED_FATTY_ACIDS,0.0143615632341,True,,,,REACTOME_ALPHA_LINOLENIC_ACID_ALA_METABOLISM,0.00783357994591,True,0.0182783532068
46,,,,chr11q24,0.0796413961173,False,,,,GO_SPERM_PRINCIPAL_PIECE,0.0110975715898,True,,,,,,,,,,0.0182783532068
47,,,,chr8q24,0.139698842371,False,,,,GO_SPONGIOTROPHOBLAST_LAYER_DEVELOPMENT,0.00848637827476,True,,,,"CACCAGC,MIR-138",0.147532422315,False,,,,0.0182783532068
48,,,,chr15q24,0.0652798328806,False,,,,,,,,,,"TCTGGAC,MIR-198",0.0548350596195,False,,,,0.0182783532068
49,,,,chr16p13,0.220645835143,False,,,,GO_TRANSFERASE_ACTIVITY_TRANSFERRING_ONE_CARBON_GROUPS,0.146879623982,False,,,,"CTCTGGA,MIR-520A,MIR-525",0.103142135954,False,,,,0.0182783532068
50,,,,chr3p21,0.176908347111,False,REACTOME_HYALURONAN_UPTAKE_AND_DEGRADATION,0.00652798328832,True,GO_RENAL_ABSORPTION,0.00783357994591,True,KEGG_GLYCOSAMINOGLYCAN_DEGRADATION,0.0137087649053,True,,,,REACTOME_HYALURONAN_UPTAKE_AND_DEGRADATION,0.00652798328832,True,0.0182783532068
51,,,,chr15q21,0.075724606145,False,REACTOME_SYNTHESIS_OF_GLYCOSYLPHOSPHATIDYLINOSITOL_GPI,0.0110975715898,True,GO_PREASSEMBLY_OF_GPI_ANCHOR_IN_ER_MEMBRANE,0.00979197493249,True,KEGG_GLYCOSYLPHOSPHATIDYLINOSITOL_GPI_ANCHOR_BIOSYNTHESIS,0.0163199582207,True,,,,REACTOME_SYNTHESIS_OF_GLYCOSYLPHOSPHATIDYLINOSITOL_GPI,0.0110975715898,True,0.0182783532068
52,,,,chr17q25,0.142310035686,False,,,,GO_PROTEIN_HYDROXYLATION,0.0117503699189,True,,,,,,,,,,0.0182783532068
53,,,,chr22q13,0.153407607274,False,,,,,,,,,,"AGGGCCA,MIR-328",0.052223866307,False,,,,0.0182783532068
54,,,,chr20q11,0.102489337624,False,,,,GO_PROTEIN_O_LINKED_FUCOSYLATION,0.00783357994591,True,,,,"TGTGTGA,MIR-377",0.130559665767,False,,,,0.0182783532068
55,,,,chr5q33,0.0515710679776,False,,,,GO_ORGANELLAR_LARGE_RIBOSOMAL_SUBUNIT,0.0208895465217,False,,,,,,,,,,0.0182783532068
56,,,,chr19q13,0.618852815738,False,REACTOME_GENERIC_TRANSCRIPTION_PATHWAY,0.229785011744,False,GO_CORE_PROMOTER_PROXIMAL_REGION_DNA_BINDING,0.242188179996,False,,,,,,,REACTOME_GENERIC_TRANSCRIPTION_PATHWAY,0.229785011744,False,0.0182783532068
57,,,,chr20p13,0.0646270345526,False,REACTOME_METABOLISM_OF_POLYAMINES,0.00979197493249,True,GO_POLYAMINE_METABOLIC_PROCESS,0.00979197493249,True,,,,"GTGCCTT,MIR-506",0.474584385051,False,REACTOME_METABOLISM_OF_POLYAMINES,0.00979197493249,True,0.0182783532068
58,,,,chr20p12,0.0443902863602,False,,,,GO_TRNA_METHYLATION,0.0163199582207,True,,,,,,,,,,0.0182783532068
59,,,,chr19q13,0.618852815738,False,,,,GO_MICROVILLUS_ORGANIZATION,0.0130559665764,True,,,,,,,,,,0.0182783532068
60,,,,chr7q34,0.102489337624,False,REACTOME_RESPIRATORY_ELECTRON_TRANSPORT,0.0515710679776,False,GO_NADH_DEHYDROGENASE_ACTIVITY,0.0248063364957,False,KEGG_PARKINSONS_DISEASE,0.0868221777332,False,,,,REACTOME_RESPIRATORY_ELECTRON_TRANSPORT,0.0515710679776,False,0.0182783532068
61,,,,chr3q13,0.0750718078131,False,,,,GO_INTERSTITIAL_MATRIX,0.00913917660353,True,,,,,,,,,,0.0182783532068
62,,,,chr6p21,0.355122290885,False,,,,GO_ORGANELLAR_SMALL_RIBOSOMAL_SUBUNIT,0.0163199582207,True,,,,,,,,,,0.0182783532068
63,,,,chr9p21,0.0430846897017,False,,,,GO_POSITIVE_REGULATION_OF_CELL_ADHESION_MEDIATED_BY_INTEGRIN,0.0110975715898,True,,,,,,,,,,0.0182783532068
64,,,,,,,,,,GO_RHYTHMIC_PROCESS,0.194533901986,False,,,,,,,,,,0.0182783532068
65,,,,chr22q13,0.153407607274,False,,,,GO_POSITIVE_REGULATION_OF_ERYTHROCYTE_DIFFERENTIATION,0.015014361563,True,,,,"CAGCACT,MIR-512-3P",0.103142135954,False,,,,0.0182783532068
66,,,,chr22q12,0.093350161019,False,,,,GO_REGULATION_OF_NATURAL_KILLER_CELL_ACTIVATION,0.0176255548784,True,,,,,,,,,,0.0182783532068
67,,,,,,,,,,GO_U12_TYPE_SPLICEOSOMAL_COMPLEX,0.0169727565492,True,,,,,,,,,,0.0182783532068
68,,,,chr22q13,0.153407607274,False,,,,GO_TRNA_THREONYLCARBAMOYLADENOSINE_METABOLIC_PROCESS,0.00718078161717,True,,,,"CCAGGTT,MIR-490",0.0437374880307,False,,,,0.0182783532068
69,,,,chr14q22,0.0554878579508,False,,,,GO_CELL_CYCLE_ARREST,0.100530942635,False,,,,,,,,,,0.0182783532068
70,,,,chr20q11,0.102489337624,False,,,,,,,,,,"GTGCCTT,MIR-506",0.474584385051,False,,,,0.0182783532068
71,,,,chr16q22,0.109670119244,False,,,,GO_HEMATOPOIETIC_PROGENITOR_CELL_DIFFERENTIATION,0.0639742362226,False,,,,,,,,,,0.0182783532068
72,,,,chr16q22,0.109670119244,False,KEGG_GLYCEROPHOSPHOLIPID_METABOLISM,0.0502654713185,False,GO_GLYCEROPHOSPHOLIPID_CATABOLIC_PROCESS,0.00848637827476,True,KEGG_GLYCEROPHOSPHOLIPID_METABOLISM,0.0502654713185,False,"CTACCTC,LET-7A,LET-7B,LET-7C,LET-7D,LET-7E,LET-7F,MIR-98,LET-7G,LET-7I",0.255244146567,False,,,,0.0182783532068
73,,,,chr16p13,0.220645835143,False,,,,GO_POSITIVE_REGULATION_OF_TRIGLYCERIDE_LIPASE_ACTIVITY,0.00718078161717,True,,,,,,,,,,0.0182783532068
74,,,,chr15q22,0.0770302027986,False,KEGG_ONE_CARBON_POOL_BY_FOLATE,0.0110975715898,True,GO_TRNA_MODIFICATION,0.0391678997287,False,KEGG_ONE_CARBON_POOL_BY_FOLATE,0.0110975715898,True,,,,,,,0.0182783532068
75,,,,chr15q15,0.0633214378943,False,,,,GO_TOXIN_TRANSPORT,0.0235007398374,False,,,,,,,,,,0.0182783532068
76,,,,chr8q24,0.139698842371,False,KEGG_FRUCTOSE_AND_MANNOSE_METABOLISM,0.0221951431805,False,GO_NUCLEOTIDE_SUGAR_BIOSYNTHETIC_PROCESS,0.0124031682473,True,KEGG_FRUCTOSE_AND_MANNOSE_METABOLISM,0.0221951431805,False,,,,,,,0.0182783532068
77,,,,chr7p14,0.0580990512664,False,,,,GO_RECYCLING_ENDOSOME,0.0855165810764,False,,,,"CCAGGTT,MIR-490",0.0437374880307,False,,,,0.0182783532068
78,,,,chr10q26,0.105100530937,False,,,,GO_POSITIVE_REGULATION_OF_RESPONSE_TO_DNA_DAMAGE_STIMULUS,0.0417790930452,False,,,,"GTATGAT,MIR-154,MIR-487",0.0456958830166,False,,,,0.0182783532068
79,,,,chr17p12,0.0248063364957,False,REACTOME_SYNTHESIS_OF_GLYCOSYLPHOSPHATIDYLINOSITOL_GPI,0.0110975715898,True,GO_PREASSEMBLY_OF_GPI_ANCHOR_IN_ER_MEMBRANE,0.00979197493249,True,KEGG_GLYCOSYLPHOSPHATIDYLINOSITOL_GPI_ANCHOR_BIOSYNTHESIS,0.0163199582207,True,,,,REACTOME_SYNTHESIS_OF_GLYCOSYLPHOSPHATIDYLINOSITOL_GPI,0.0110975715898,True,0.0182783532068
80,,,,chr4q28,0.0404734963871,False,REACTOME_RESPIRATORY_ELECTRON_TRANSPORT,0.0515710679776,False,GO_NADH_DEHYDROGENASE_ACTIVITY,0.0248063364957,False,KEGG_PARKINSONS_DISEASE,0.0868221777332,False,,,,REACTOME_RESPIRATORY_ELECTRON_TRANSPORT,0.0515710679776,False,0.0182783532068
81,,,,chr11q13,0.226521020097,False,REACTOME_INSULIN_RECEPTOR_RECYCLING,0.015014361563,True,GO_VACUOLAR_PROTON_TRANSPORTING_V_TYPE_ATPASE_COMPLEX,0.00913917660353,True,KEGG_VIBRIO_CHOLERAE_INFECTION,0.036556706413,False,,,,REACTOME_INSULIN_RECEPTOR_RECYCLING,0.015014361563,True,0.0182783532068
82,,,,chr12p13,0.176255548777,False,,,,GO_ORGANELLAR_LARGE_RIBOSOMAL_SUBUNIT,0.0208895465217,False,,,,,,,,,,0.0182783532068
83,,,,chr12q23,0.0633214378943,False,,,,,,,,,,"AAGTCCA,MIR-422B,MIR-422A",0.0463486813466,False,,,,0.0182783532068
84,,,,chr12q,0.0124031682473,True,REACTOME_SYNTHESIS_OF_PC,0.0117503699189,True,GO_DIACYLGLYCEROL_BINDING,0.00718078161717,True,KEGG_ETHER_LIPID_METABOLISM,0.0215423448512,False,"TGCTGCT,MIR-15A,MIR-16,MIR-15B,MIR-195,MIR-424,MIR-497",0.392331795627,False,REACTOME_SYNTHESIS_OF_PC,0.0117503699189,True,0.0182783532068
85,,,,chr3q12,0.0313343197826,False,KEGG_ALANINE_ASPARTATE_AND_GLUTAMATE_METABOLISM,0.0208895465217,False,GO_OXALOACETATE_METABOLIC_PROCESS,0.00718078161717,True,KEGG_ALANINE_ASPARTATE_AND_GLUTAMATE_METABOLISM,0.0208895465217,False,,,,,,,0.0182783532068
86,,,,chr2q36,0.0372095047435,False,,,,GO_REGULATION_OF_CYCLIN_DEPENDENT_PROTEIN_KINASE_ACTIVITY,0.0633214378943,False,,,,"GTCTTCC,MIR-7",0.110322917573,False,,,,0.0182783532068
87,,,,chr1p36,0.329010357726,False,,,,,,,,,,"CAGCACT,MIR-512-3P",0.103142135954,False,,,,0.0182783532068
88,,,,,,,,,,GO_NEGATIVE_REGULATION_OF_CELL_CYCLE_G2_M_PHASE_TRANSITION,0.0163199582207,True,,,,"CTGTTAC,MIR-194",0.0698494211825,False,,,,0.0182783532068
89,,,,chr1p34,0.127295674117,False,,,,GO_BASAL_PLASMA_MEMBRANE,0.0215423448512,False,,,,,,,,,,0.0182783532068
90,,,,chr1p33,0.0332927147707,False,,,,GO_REGULATION_OF_CALCINEURIN_NFAT_SIGNALING_CASCADE,0.0110975715898,True,,,,,,,,,,0.0182783532068
91,,,,chr11q23,0.106406127599,False,,,,GO_INTRACILIARY_TRANSPORT_PARTICLE_B,0.0124031682473,True,,,,"CCTGCTG,MIR-214",0.156671598919,False,,,,0.0182783532068
92,,,,chr1q21,0.233701801723,False,,,,,,,,,,,,,,,,0.0182783532068
93,,,,chr14q24,0.0926973626916,False,,,,GO_PROTEIN_TRANSPORT_ALONG_MICROTUBULE,0.0176255548784,True,,,,,,,,,,0.0182783532068
94,,,,chr10q24,0.0776830011302,False,,,,GO_OXIDOREDUCTASE_ACTIVITY,0.469361998417,False,,,,,,,,,,0.0182783532068
95,,,,chr13q13,0.0306815214536,False,REACTOME_SYNTHESIS_OF_SUBSTRATES_IN_N_GLYCAN_BIOSYTHESIS,0.00913917660353,True,GO_GLUCOSYLTRANSFERASE_ACTIVITY,0.010444773261,True,KEGG_N_GLYCAN_BIOSYNTHESIS,0.0300287231254,False,,,,REACTOME_SYNTHESIS_OF_SUBSTRATES_IN_N_GLYCAN_BIOSYTHESIS,0.00913917660353,True,0.0182783532068
96,,,,chr12q,0.0124031682473,True,,,,GO_POLYSACCHARIDE_BIOSYNTHETIC_PROCESS,0.0274175298102,False,,,,"CTACTGT,MIR-199A",0.119462094176,False,,,,0.0182783532068
97,,,,chr17q21,0.221298633473,False,,,,GO_NUCLEOTIDE_TRANSMEMBRANE_TRANSPORT,0.00783357994591,True,,,,,,,,,,0.0182783532068
98,,,,chr12p12,0.0528766646343,False,,,,GO_OXIDOREDUCTASE_ACTIVITY,0.469361998417,False,,,,,,,,,,0.0182783532068
99,,,,chr1p35,0.075724606145,False,,,,GO_XENOPHAGY,0.0685438245251,False,,,,"CTTTGTA,MIR-524",0.282661676371,False,,,,0.0182783532068
100,,,,chr13q12,0.094002959352,False,,,,GO_RIBONUCLEOPROTEIN_COMPLEX_DISASSEMBLY,0.00718078161717,True,,,,,,,,,,0.0182783532068
101,,,,chr18q23,0.0235007398374,False,,,,,,,,,,,,,,,,0.0182783532068
102,,,,chr19p13,0.421054922086,False,,,,GO_CATALYTIC_STEP_2_SPLICEOSOME,0.0580990512664,False,,,,,,,,,,0.0182783532068
103,,,,chr4q25,0.0391678997287,False,REACTOME_ACYL_CHAIN_REMODELLING_OF_PI,0.00979197493249,True,GO_PHOSPHATIDYLINOSITOL_ACYL_CHAIN_REMODELING,0.010444773261,True,KEGG_ALPHA_LINOLENIC_ACID_METABOLISM,0.0124031682473,True,,,,REACTOME_ACYL_CHAIN_REMODELLING_OF_PI,0.00979197493249,True,0.0182783532068
104,,,,chr2p13,0.0580990512664,False,REACTOME_MITOCHONDRIAL_FATTY_ACID_BETA_OXIDATION,0.00913917660353,True,GO_SHORT_CHAIN_FATTY_ACID_METABOLIC_PROCESS,0.00913917660353,True,KEGG_PROPANOATE_METABOLISM,0.0215423448512,False,,,,REACTOME_MITOCHONDRIAL_FATTY_ACID_BETA_OXIDATION,0.00913917660353,True,0.0182783532068
105,,,,chr6p21,0.355122290885,False,REACTOME_POST_CHAPERONIN_TUBULIN_FOLDING_PATHWAY,0.0124031682473,True,GO_PHOTORECEPTOR_CONNECTING_CILIUM,0.0202367481939,False,,,,,,,REACTOME_POST_CHAPERONIN_TUBULIN_FOLDING_PATHWAY,0.0124031682473,True,0.0182783532068
106,,,,chrxq25,0.0254591348239,False,,,,GO_SNORNA_METABOLIC_PROCESS,0.00718078161717,True,,,,,,,,,,0.0182783532068
107,,,,chr4p16,0.1109757159,False,,,,,,,,,,"CTACTGT,MIR-199A",0.119462094176,False,,,,0.0182783532068
108,,,,chr19q13,0.618852815738,False,REACTOME_ACYL_CHAIN_REMODELLING_OF_PI,0.00979197493249,True,GO_LAYER_FORMATION_IN_CEREBRAL_CORTEX,0.00913917660353,True,KEGG_GLYCEROPHOSPHOLIPID_METABOLISM,0.0502654713185,False,"CTGAGCC,MIR-24",0.150796413953,False,REACTOME_ACYL_CHAIN_REMODELLING_OF_PI,0.00979197493249,True,0.0182783532068
109,,,,,,,KEGG_DRUG_METABOLISM_OTHER_ENZYMES,0.0332927147707,False,GO_NUCLEOSIDE_TRIPHOSPHATE_CATABOLIC_PROCESS,0.00783357994591,True,KEGG_DRUG_METABOLISM_OTHER_ENZYMES,0.0332927147707,False,,,,,,,0.0182783532068
110,,,,chr20q11,0.102489337624,False,,,,GO_REGULATION_OF_GLYCOPROTEIN_METABOLIC_PROCESS,0.0280703281385,False,,,,"CTCAGGG,MIR-125B,MIR-125A",0.214770650181,False,,,,0.0182783532068
111,,,,chr4q12,0.0372095047435,False,REACTOME_ANDROGEN_BIOSYNTHESIS,0.00652798328832,True,GO_ANDROGEN_BIOSYNTHETIC_PROCESS,0.00913917660353,True,KEGG_STEROID_HORMONE_BIOSYNTHESIS,0.035903908085,False,,,,REACTOME_ANDROGEN_BIOSYNTHESIS,0.00652798328832,True,0.0182783532068
112,,,,chr19p13,0.421054922086,False,,,,GO_NEGATIVE_REGULATION_OF_VIRAL_GENOME_REPLICATION,0.0319871181118,False,,,,"CACCAGC,MIR-138",0.147532422315,False,,,,0.0182783532068
113,,,,chr19p13,0.421054922086,False,,,,GO_TRANSCRIPTIONAL_REPRESSOR_ACTIVITY_RNA_POLYMERASE_II_CORE_PROMOTER_PROXIMAL_REGION_SEQUENCE_SPECIFIC_BINDING,0.0685438245251,False,,,,"GACAATC,MIR-219",0.093350161019,False,,,,0.0182783532068
114,,,,chr7p11,0.0391678997287,False,KEGG_PROTEIN_EXPORT,0.0156671598916,True,GO_MACROMOLECULE_TRANSMEMBRANE_TRANSPORTER_ACTIVITY,0.0143615632341,True,KEGG_PROTEIN_EXPORT,0.0156671598916,True,,,,REACTOME_ER_PHAGOSOME_PATHWAY,0.039820698057,False,0.0182783532068
115,,,,chr12q13,0.203020280257,False,,,,GO_MACROLIDE_BINDING,0.0117503699189,True,,,,,,,,,,0.0182783532068
116,,,,chr2p25,0.0594046479213,False,,,,GO_LIPID_CATABOLIC_PROCESS,0.161241187217,False,,,,,,,,,,0.0182783532068
117,,,,chrxq26,0.0620158412387,False,,,,GO_U2_SNRNP,0.0124031682473,True,,,,,,,,,,0.0182783532068
118,,,,chr6q15,0.0169727565492,True,,,,GO_PHOSPHATIDYLINOSITOL_3_5_BISPHOSPHATE_BINDING,0.0137087649053,True,,,,,,,,,,0.0182783532068
119,,,,chr2p,0.00718078161717,True,,,,,,,,,,,,,,,,0.0182783532068
120,,,,chr2q21,0.0652798328806,False,,,,GO_COPI_COATED_VESICLE,0.015014361563,True,,,,,,,,,,0.0182783532068
121,,,,chr9q22,0.0868221777332,False,,,,,,,,,,"CACTGTG,MIR-128A,MIR-128B",0.219993036806,False,,,,0.0182783532068
122,,,,chr9q12,0.0372095047435,False,KEGG_GLYOXYLATE_AND_DICARBOXYLATE_METABOLISM,0.010444773261,True,GO_NADPH_BINDING,0.00913917660353,True,KEGG_GLYOXYLATE_AND_DICARBOXYLATE_METABOLISM,0.010444773261,True,,,,REACTOME_METABOLISM_OF_AMINO_ACIDS_AND_DERIVATIVES,0.130559665767,False,0.0182783532068
123,,,,chr6p25,0.0411262947154,False,,,,,,,,,,,,,,,,0.0182783532068
124,,,,chr11q14,0.050918269647,False,REACTOME_INTRINSIC_PATHWAY,0.0110975715898,True,GO_NEGATIVE_REGULATION_OF_SYSTEMIC_ARTERIAL_BLOOD_PRESSURE,0.00848637827476,True,,,,,,,REACTOME_INTRINSIC_PATHWAY,0.0110975715898,True,0.0182783532068
125,,,,,,,,,,,,,,,,,,,,,,0.0182783532068
126,,,,chr2q34,0.0189311515358,False,PID_ATR_PATHWAY,0.0254591348239,False,GO_ANNEALING_ACTIVITY,0.00783357994591,True,,,,,,,,,,0.0182783532068
127,,,,chr4q28,0.0404734963871,False,,,,GO_MITOPHAGY_IN_RESPONSE_TO_MITOCHONDRIAL_DEPOLARIZATION,0.08747497606,False,,,,"TAATGTG,MIR-323",0.104447732612,False,,,,0.0182783532068
128,,,,chr4q21,0.0763774044706,False,,,,GO_LYSOSOMAL_LUMEN,0.0574462529346,False,,,,"AATGGAG,MIR-136",0.052223866307,False,,,,0.0182783532068
129,,,,chr12q13,0.203020280257,False,REACTOME_SPHINGOLIPID_DE_NOVO_BIOSYNTHESIS,0.0202367481939,False,GO_CERAMIDE_BIOSYNTHETIC_PROCESS,0.0280703281385,False,,,,"GCTCTTG,MIR-335",0.0561406562793,False,REACTOME_SPHINGOLIPID_DE_NOVO_BIOSYNTHESIS,0.0202367481939,False,0.0182783532068
130,,,,chr14q32,0.282008878052,False,,,,GO_CALCIUM_ION_BINDING,0.455000435198,False,,,,,,,,,,0.0182783532068
131,,,,chr16q24,0.0802941944466,False,,,,GO_HEART_DEVELOPMENT,0.304204021239,False,,,,,,,,,,0.0182783532068
132,,,,chr19p13,0.421054922086,False,,,,,,,,,,,,,,,,0.0182783532068
133,,,,chr1p36,0.329010357726,False,,,,GO_GUANYL_NUCLEOTIDE_BINDING,0.254591348244,False,,,,,,,,,,0.0182783532068
134,,,,chr1q23,0.0907389677056,False,REACTOME_GLUTATHIONE_CONJUGATION,0.015014361563,True,GO_GLUTATHIONE_PEROXIDASE_ACTIVITY,0.0117503699189,True,KEGG_GLUTATHIONE_METABOLISM,0.0326399164408,False,,,,REACTOME_GLUTATHIONE_CONJUGATION,0.015014361563,True,0.0182783532068
135,,,,chr1q42,0.0998781443107,False,KEGG_SNARE_INTERACTIONS_IN_VESICULAR_TRANSPORT,0.0248063364957,False,GO_VESICLE_FUSION_TO_PLASMA_MEMBRANE,0.00783357994591,True,KEGG_SNARE_INTERACTIONS_IN_VESICULAR_TRANSPORT,0.0248063364957,False,,,,,,,0.0182783532068
136,,,,chr2q14,0.0463486813466,False,,,,,,,,,,,,,,,,0.0182783532068
137,,,,chr2q33,0.090086169375,False,,,,GO_HSP70_PROTEIN_BINDING,0.0195839498647,False,,,,,,,,,,0.0182783532068
138,,,,chr3p25,0.0659326312118,False,,,,GO_CDP_DIACYLGLYCEROL_METABOLIC_PROCESS,0.00913917660353,True,,,,,,,,,,0.0182783532068
139,,,,chr3p21,0.176908347111,False,,,,GO_GROWTH_FACTOR_ACTIVITY,0.104447732612,False,,,,,,,,,,0.0182783532068
140,,,,chr4q26,0.0228479415087,False,,,,GO_MRNA_MODIFICATION,0.00783357994591,True,,,,,,,,,,0.0182783532068
141,,,,chr5q33,0.0515710679776,False,,,,GO_CELLULAR_MODIFIED_AMINO_ACID_CATABOLIC_PROCESS,0.0117503699189,True,,,,,,,,,,0.0182783532068
142,,,,chr8q21,0.0613630429099,False,,,,GO_ORGANELLAR_SMALL_RIBOSOMAL_SUBUNIT,0.0163199582207,True,,,,,,,,,,0.0182783532068
143,,,,chr11q23,0.106406127599,False,,,,GO_CENTROSOME,0.317912786142,False,,,,,,,,,,0.0182783532068
144,,,,chr16p11,0.138393245712,False,,,,GO_CELL_DEATH,0.653451127149,False,,,,,,,,,,0.0182783532068
145,,,,chr3p24,0.0450430846882,False,,,,GO_SHORT_CHAIN_FATTY_ACID_METABOLIC_PROCESS,0.00913917660353,True,,,,,,,,,,0.0182783532068
146,,,,chr12q24,0.186047523713,False,,,,GO_LYSOSOMAL_LUMEN,0.0574462529346,False,,,,"ACCAAAG,MIR-9",0.325746366086,False,,,,0.0182783532068
147,,,,chr11q25,0.0241535381657,False,,,,GO_NUCLEOLUS,0.553572982831,False,,,,,,,,,,0.0182783532068
148,,,,chr5p15,0.095308556005,False,REACTOME_ACYL_CHAIN_REMODELLING_OF_PG,0.010444773261,True,GO_CHEMICAL_HOMEOSTASIS_WITHIN_A_TISSUE,0.00718078161717,True,KEGG_ETHER_LIPID_METABOLISM,0.0215423448512,False,"ATGAAGG,MIR-205",0.102489337624,False,REACTOME_ACYL_CHAIN_REMODELLING_OF_PG,0.010444773261,True,0.0182783532068
149,,,,chr6q25,0.0580990512664,False,,,,GO_NEGATIVE_REGULATION_OF_PEPTIDYL_SERINE_PHOSPHORYLATION,0.0156671598916,True,,,,"GTGCCTT,MIR-506",0.474584385051,False,,,,0.0182783532068
150,,,,chr17q24,0.036556706413,False,,,,GO_INHIBITORY_SYNAPSE,0.00783357994591,True,,,,"CAGCAGG,MIR-370",0.101183740967,False,,,,0.0182783532068
151,,,,chr17p11,0.112281312557,False,REACTOME_GENERIC_TRANSCRIPTION_PATHWAY,0.229785011744,False,GO_RNA_POLYMERASE_II_TRANSCRIPTION_FACTOR_ACTIVITY_SEQUENCE_SPECIFIC_DNA_BINDING,0.410610148836,False,,,,,,,REACTOME_GENERIC_TRANSCRIPTION_PATHWAY,0.229785011744,False,0.0182783532068
152,,,,chr9q21,0.0600574462499,False,,,,,,,,,,"TGTTTAC,MIR-30A-5P,MIR-30C,MIR-30D,MIR-30B,MIR-30E-5P",0.377970232396,False,,,,0.0182783532068
153,,,,chr15q25,0.0802941944466,False,,,,GO_MEMBRANE_TUBULATION,0.00783357994591,True,,,,,,,,,,0.0182783532068
154,,,,chr21q22,0.170380363817,False,,,,,,,,,,,,,,,,0.0182783532068
155,,,,chr8q24,0.139698842371,False,,,,GO_POSITIVE_REGULATION_OF_METAPHASE_ANAPHASE_TRANSITION_OF_CELL_CYCLE,0.00913917660353,True,,,,"CTACCTC,LET-7A,LET-7B,LET-7C,LET-7D,LET-7E,LET-7F,MIR-98,LET-7G,LET-7I",0.255244146567,False,,,,0.0182783532068
156,,,,chr1p21,0.0476542780033,False,,,,GO_OXIDOREDUCTASE_ACTIVITY_OXIDIZING_METAL_IONS_NAD_OR_NADP_AS_ACCEPTOR,0.00718078161717,True,,,,,,,,,,0.0182783532068
157,,,,chr3p21,0.176908347111,False,KEGG_APOPTOSIS,0.0574462529346,False,GO_ENDONUCLEASE_ACTIVITY,0.0848637827443,False,KEGG_APOPTOSIS,0.0574462529346,False,,,,,,,0.0182783532068
158,,,,chr16p13,0.220645835143,False,,,,GO_ADULT_LOCOMOTORY_BEHAVIOR,0.052223866307,False,,,,,,,,,,0.0182783532068
159,,,,,,,,,,GO_PROTEASOME_COMPLEX,0.0496126729905,False,,,,,,,,,,0.0182783532068
160,,,,chr21q22,0.170380363817,False,,,,GO_CELL_PART_MORPHOGENESIS,0.41322134215,False,,,,"AAAGACA,MIR-511",0.131865262421,False,,,,0.0182783532068
161,,,,chr1p36,0.329010357726,False,,,,,,,,,,,,,,,,0.0182783532068
162,BIOCARTA_CTLA4_PATHWAY,0.0137087649053,True,chr21q22,0.170380363817,False,BIOCARTA_CTLA4_PATHWAY,0.0137087649053,True,GO_HYPEROSMOTIC_RESPONSE,0.0130559665764,True,KEGG_INTESTINAL_IMMUNE_NETWORK_FOR_IGA_PRODUCTION,0.0313343197826,False,,,,REACTOME_COSTIMULATION_BY_THE_CD28_FAMILY,0.0411262947154,False,0.0182783532068
163,,,,chr9q34,0.174297153797,False,,,,GO_PROTEIN_PALMITOYLATION,0.015014361563,True,,,,,,,,,,0.0182783532068
164,,,,chr1q21,0.233701801723,False,PID_MAPK_TRK_PATHWAY,0.0221951431805,False,GO_SH3_SH2_ADAPTOR_ACTIVITY,0.0339455130979,False,,,,,,,,,,0.0182783532068
165,,,,chr7q22,0.0972669509946,False,REACTOME_GENERIC_TRANSCRIPTION_PATHWAY,0.229785011744,False,GO_SEQUENCE_SPECIFIC_DNA_BINDING,0.676951866998,False,,,,,,,REACTOME_GENERIC_TRANSCRIPTION_PATHWAY,0.229785011744,False,0.0182783532068
166,,,,chr19q13,0.618852815738,False,KEGG_CARDIAC_MUSCLE_CONTRACTION,0.052223866307,False,GO_OXIDOREDUCTASE_ACTIVITY_ACTING_ON_A_HEME_GROUP_OF_DONORS,0.0169727565492,True,KEGG_CARDIAC_MUSCLE_CONTRACTION,0.052223866307,False,,,,,,,0.0182783532068
167,,,,chr16p13,0.220645835143,False,,,,GO_U12_TYPE_SPLICEOSOMAL_COMPLEX,0.0169727565492,True,,,,,,,,,,0.0182783532068
168,,,,,,,,,,,,,,,,,,,,,,0.0182783532068
169,,,,chr2q33,0.090086169375,False,,,,GO_TRNA_BINDING,0.0287231264678,False,,,,"ATAGGAA,MIR-202",0.0665854295404,False,,,,0.0182783532068
170,,,,chr2p13,0.0580990512664,False,,,,,,,,,,"TATTATA,MIR-374",0.18539472538,False,,,,0.0182783532068
171,,,,,,,,,,,,,,,,,,,,,,0.0182783532068
172,,,,chr4q24,0.0176255548784,True,,,,GO_MONOVALENT_CATION_PROTON_ANTIPORTER_ACTIVITY,0.00783357994591,True,,,,,,,,,,0.0182783532068
173,,,,chr3p21,0.176908347111,False,,,,,,,,,,,,,,,,0.0182783532068
174,,,,chr4q28,0.0404734963871,False,KEGG_LYSOSOME,0.0789885977861,False,GO_LYSOSOME_ORGANIZATION,0.0332927147707,False,KEGG_LYSOSOME,0.0789885977861,False,,,,,,,0.0182783532068
175,,,,chr3p21,0.176908347111,False,,,,,,,,,,,,,,,,0.0182783532068
176,,,,chr5q11,0.0385151013999,False,,,,GO_GLUTATHIONE_PEROXIDASE_ACTIVITY,0.0117503699189,True,,,,,,,,,,0.0182783532068
177,,,,chr6q23,0.050918269647,False,,,,,,,,,,"TTTGTAG,MIR-520D",0.219340238484,False,,,,0.0182783532068
178,,,,chr10q26,0.105100530937,False,,,,,,,,,,,,,,,,0.0182783532068
179,,,,chr14q11,0.215423448516,False,,,,GO_COPPER_ION_BINDING,0.0352511097561,False,,,,"GGCACAT,MIR-455",0.0378623030709,False,,,,0.0182783532068
180,,,,chr14q11,0.215423448516,False,REACTOME_PROCESSING_OF_CAPPED_INTRON_CONTAINING_PRE_MRNA,0.0913917660371,False,GO_MRNA_MODIFICATION,0.00783357994591,True,,,,,,,REACTOME_PROCESSING_OF_CAPPED_INTRON_CONTAINING_PRE_MRNA,0.0913917660371,False,0.0182783532068
181,,,,chr14q24,0.0926973626916,False,,,,GO_METALLO_SULFUR_CLUSTER_ASSEMBLY,0.0117503699189,True,,,,,,,,,,0.0182783532068
182,,,,chr14q32,0.282008878052,False,,,,,,,,,,,,,,,,0.0182783532068
183,,,,chr16q23,0.0306815214536,False,,,,GO_NUCLEAR_PORE_COMPLEX_ASSEMBLY,0.00718078161717,True,,,,,,,,,,0.0182783532068
184,,,,chr11q23,0.106406127599,False,,,,GO_ZINC_ION_BINDING,0.753982069793,False,,,,"AGGAAGC,MIR-516-3P",0.0802941944466,False,,,,0.0182783532068
185,,,,chr8q24,0.139698842371,False,,,,GO_SINGLE_ORGANISM_MEMBRANE_BUDDING,0.047001479674,False,,,,,,,,,,0.0182783532068
186,,,,chr17q21,0.221298633473,False,,,,GO_NUCLEAR_ENVELOPE,0.271564104786,False,,,,,,,,,,0.0182783532068
187,,,,chr16p13,0.220645835143,False,,,,,,,,,,,,,,,,0.0182783532068
188,,,,,,,,,,GO_UBIQUITIN_LIKE_PROTEIN_BINDING,0.0789885977861,False,,,,,,,,,,0.0182783532068
189,,,,chr11q12,0.146879623982,False,,,,,,,,,,,,,,,,0.0182783532068
190,,,,chr5p13,0.0502654713185,False,,,,GO_PROTEIN_FOLDING,0.146226825656,False,,,,"GTACAGG,MIR-486",0.0378623030709,False,,,,0.0182783532068
191,,,,chr12q24,0.186047523713,False,,,,GO_TCTN_B9D_COMPLEX,0.00783357994591,True,,,,"TTTGTAG,MIR-520D",0.219340238484,False,,,,0.0182783532068
192,,,,chr15q15,0.0633214378943,False,KEGG_SELENOAMINO_ACID_METABOLISM,0.0169727565492,True,GO_TRNA_METHYLTRANSFERASE_ACTIVITY,0.0143615632341,True,KEGG_SELENOAMINO_ACID_METABOLISM,0.0169727565492,True,,,,,,,0.0182783532068
193,,,,chrxp22,0.129906867436,False,,,,GO_OXIDOREDUCTASE_ACTIVITY,0.469361998417,False,,,,,,,,,,0.0182783532068
194,,,,chr19q13,0.618852815738,False,KEGG_FATTY_ACID_METABOLISM,0.0274175298102,False,GO_CARNITINE_METABOLIC_PROCESS,0.00848637827476,True,KEGG_FATTY_ACID_METABOLISM,0.0274175298102,False,,,,,,,0.0182783532068
195,,,,chr17q25,0.142310035686,False,REACTOME_PRE_NOTCH_PROCESSING_IN_GOLGI,0.010444773261,True,GO_NEGATIVE_REGULATION_OF_NOTCH_SIGNALING_PATHWAY,0.0182783532068,True,KEGG_NOTCH_SIGNALING_PATHWAY,0.0306815214536,False,,,,REACTOME_PRE_NOTCH_PROCESSING_IN_GOLGI,0.010444773261,True,0.0182783532068
196,,,,chr1p36,0.329010357726,False,,,,GO_PSEUDOURIDINE_SYNTHASE_ACTIVITY,0.00848637827476,True,,,,,,,,,,0.0182783532068
197,,,,chr19q13,0.618852815738,False,REACTOME_RESPIRATORY_ELECTRON_TRANSPORT,0.0515710679776,False,GO_NADH_DEHYDROGENASE_ACTIVITY,0.0248063364957,False,KEGG_PARKINSONS_DISEASE,0.0868221777332,False,,,,REACTOME_RESPIRATORY_ELECTRON_TRANSPORT,0.0515710679776,False,0.0182783532068
198,,,,chr11p14,0.0254591348239,False,,,,GO_ATPASE_ACTIVATOR_ACTIVITY,0.0110975715898,True,,,,,,,,,,0.0182783532068
199,,,,chr9q34,0.174297153797,False,,,,,,,,,,,,,,,,0.0182783532068
200,,,,chr1p22,0.0626686395679,False,,,,,,,,,,"TGCCTTA,MIR-124A",0.360344677509,False,,,,0.0182783532068
201,,,,chr17q12,0.0894333710508,False,,,,GO_ADENYL_NUCLEOTIDE_BINDING,0.988336669858,False,,,,,,,,,,0.0182783532068
202,,,,chr8q22,0.0665854295404,False,KEGG_RIBOSOME,0.0574462529346,False,GO_ORGANELLAR_LARGE_RIBOSOMAL_SUBUNIT,0.0208895465217,False,KEGG_RIBOSOME,0.0574462529346,False,,,,,,,0.0182783532068
203,,,,chr11q23,0.106406127599,False,,,,GO_POSITIVE_REGULATION_OF_INSULIN_SECRETION_INVOLVED_IN_CELLULAR_RESPONSE_TO_GLUCOSE_STIMULUS,0.0189311515358,False,,,,"TCCCCAC,MIR-491",0.0372095047435,False,,,,0.0182783532068
204,,,,chr10q22,0.0926973626916,False,,,,GO_TRANSLATIONAL_TERMINATION,0.0600574462499,False,,,,,,,,,,0.0182783532068
205,,,,chr16p11,0.138393245712,False,,,,GO_DIOXYGENASE_ACTIVITY,0.0574462529346,False,,,,,,,,,,0.0182783532068
206,,,,chr3q27,0.0541822612923,False,,,,,,,,,,"CTTTGTA,MIR-524",0.282661676371,False,,,,0.0182783532068
207,,,,chr3q27,0.0541822612923,False,,,,GO_NEGATIVE_REGULATION_OF_RELEASE_OF_CYTOCHROME_C_FROM_MITOCHONDRIA,0.0110975715898,True,,,,"CACGTTT,MIR-302A",0.0202367481939,False,,,,0.0182783532068
208,,,,chr17q25,0.142310035686,False,REACTOME_O_LINKED_GLYCOSYLATION_OF_MUCINS,0.0385151013999,False,GO_TRANSFERASE_ACTIVITY_TRANSFERRING_GLYCOSYL_GROUPS,0.184089128727,False,,,,,,,REACTOME_O_LINKED_GLYCOSYLATION_OF_MUCINS,0.0385151013999,False,0.0182783532068
209,,,,chr12q15,0.0235007398374,False,,,,GO_NUCLEOTIDE_TRANSMEMBRANE_TRANSPORT,0.00783357994591,True,,,,,,,,,,0.0182783532068
210,,,,chr1p35,0.075724606145,False,,,,GO_RNA_SPLICING_VIA_ENDONUCLEOLYTIC_CLEAVAGE_AND_LIGATION,0.010444773261,True,,,,,,,,,,0.0182783532068
211,,,,chr15q14,0.0450430846882,False,REACTOME_ACYL_CHAIN_REMODELLING_OF_PS,0.00979197493249,True,GO_PHOSPHATIDYLSERINE_ACYL_CHAIN_REMODELING,0.0110975715898,True,KEGG_ETHER_LIPID_METABOLISM,0.0215423448512,False,"GAGCCTG,MIR-484",0.0705022195111,False,REACTOME_ACYL_CHAIN_REMODELLING_OF_PS,0.00979197493249,True,0.0182783532068
212,,,,chr5q11,0.0385151013999,False,,,,GO_POSITIVE_REGULATION_OF_TOR_SIGNALING,0.0189311515358,False,,,,"ATACCTC,MIR-202",0.116850900857,False,,,,0.0182783532068
213,,,,chr17q21,0.221298633473,False,,,,,,,,,,,,,,,,0.0182783532068
214,,,,chr3q11,0.0156671598916,True,,,,GO_RRNA_METHYLATION,0.0124031682473,True,,,,,,,,,,0.0182783532068
215,,,,chr16p11,0.138393245712,False,,,,GO_NUCLEOLUS,0.553572982831,False,,,,,,,,,,0.0182783532068
216,,,,chr17q25,0.142310035686,False,,,,GO_TRANSFERASE_ACTIVITY_TRANSFERRING_ONE_CARBON_GROUPS,0.146879623982,False,,,,,,,,,,0.0182783532068
217,,,,chr8q24,0.139698842371,False,,,,,,,,,,,,,,,,0.0182783532068
218,,,,,,,,,,GO_METALLO_SULFUR_CLUSTER_ASSEMBLY,0.0117503699189,True,,,,,,,,,,0.0182783532068
219,,,,chr8p23,0.13121246409,False,,,,GO_L_AMINO_ACID_IMPORT,0.00783357994591,True,,,,,,,,,,0.0182783532068
220,,,,chrxp22,0.129906867436,False,,,,GO_PHOSPHORIC_DIESTER_HYDROLASE_ACTIVITY,0.0587518495931,False,,,,,,,,,,0.0182783532068
221,,,,chr19p13,0.421054922086,False,,,,GO_TRANSLATIONAL_TERMINATION,0.0600574462499,False,,,,,,,,,,0.0182783532068
222,,,,chr22q13,0.153407607274,False,NABA_ECM_GLYCOPROTEINS,0.12794847245,False,GO_CALCIUM_ION_BINDING,0.455000435198,False,,,,,,,,,,0.0182783532068
223,,,,chr8q24,0.139698842371,False,,,,GO_NUCLEAR_REPLICATION_FORK,0.0254591348239,False,,,,,,,,,,0.0182783532068
224,,,,chr2p23,0.0665854295404,False,,,,GO_CARBOXYLIC_ESTER_HYDROLASE_ACTIVITY,0.0881277743898,False,,,,,,,,,,0.0182783532068
225,,,,chr2q37,0.120767690833,False,,,,GO_ZINC_ION_BINDING,0.753982069793,False,,,,"AGCTCCT,MIR-28",0.0620158412387,False,,,,0.0182783532068
226,,,,chr2q14,0.0463486813466,False,,,,,,,,,,,,,,,,0.0182783532068
227,,,,chr11q23,0.106406127599,False,,,,,,,,,,,,,,,,0.0182783532068
228,,,,chr12q13,0.203020280257,False,,,,GO_NEGATIVE_REGULATION_OF_GENE_SILENCING,0.0124031682473,True,,,,,,,,,,0.0182783532068
229,,,,,,,,,,GO_SEQUENCE_SPECIFIC_DNA_BINDING,0.676951866998,False,,,,,,,,,,0.0182783532068
230,,,,chr3p24,0.0450430846882,False,,,,,,,,,,,,,,,,0.0182783532068
231,,,,chr8q24,0.139698842371,False,,,,GO_PERINUCLEAR_REGION_OF_CYTOPLASM,0.419096527106,False,,,,,,,,,,0.0182783532068
232,,,,,,,,,,GO_TRNA_METHYLTRANSFERASE_ACTIVITY,0.0143615632341,True,,,,,,,,,,0.0182783532068
233,,,,chr15q23,0.029375924797,False,,,,,,,,,,,,,,,,0.0182783532068
234,,,,,,,,,,,,,,,,,,,,,,0.0182783532068
235,,,,chr2q24,0.0456958830166,False,,,,GO_UBIQUITIN_LIKE_PROTEIN_TRANSFERASE_ACTIVITY,0.274175298107,False,,,,,,,,,,0.0182783532068
236,,,,chrxq22,0.0770302027986,False,,,,,,,,,,,,,,,,0.0182783532068
237,,,,chr19p13,0.421054922086,False,REACTOME_GENERIC_TRANSCRIPTION_PATHWAY,0.229785011744,False,,,,,,,,,,REACTOME_GENERIC_TRANSCRIPTION_PATHWAY,0.229785011744,False,0.0182783532068
238,,,,chr1p36,0.329010357726,False,REACTOME_ACTIVATED_NOTCH1_TRANSMITS_SIGNAL_TO_THE_NUCLEUS,0.0176255548784,True,GO_NOTCH_SIGNALING_PATHWAY,0.0744190094859,False,,,,,,,REACTOME_ACTIVATED_NOTCH1_TRANSMITS_SIGNAL_TO_THE_NUCLEUS,0.0176255548784,True,0.0182783532068
239,,,,chr4p14,0.0248063364957,False,,,,,,,,,,"ACCATTT,MIR-522",0.104447732612,False,,,,0.0182783532068
240,,,,chr10q26,0.105100530937,False,,,,,,,,,,,,,,,,0.0182783532068
241,,,,chr17q12,0.0894333710508,False,,,,GO_CELL_CYCLE_DNA_REPLICATION,0.00783357994591,True,,,,,,,,,,0.0182783532068
242,,,,chr12q24,0.186047523713,False,,,,GO_TCTN_B9D_COMPLEX,0.00783357994591,True,,,,,,,,,,0.0182783532068
243,,,,chr1p36,0.329010357726,False,,,,GO_NUCLEIC_ACID_BINDING_TRANSCRIPTION_FACTOR_ACTIVITY,0.782705196257,False,,,,,,,,,,0.0182783532068
244,,,,chr13q14,0.0835581860891,False,,,,GO_PERINUCLEAR_ENDOPLASMIC_RETICULUM,0.00848637827476,True,,,,"GTCAGGA,MIR-378",0.0385151013999,False,,,,0.0182783532068
245,,,,,,,,,,,,,,,,,,,,,,0.0182783532068
246,,,,chr1q24,0.0502654713185,False,,,,GO_VESICLE_MEDIATED_TRANSPORT,0.808817129406,False,,,,"GTGCCTT,MIR-506",0.474584385051,False,,,,0.0182783532068
247,,,,chr11p15,0.297676037934,False,,,,GO_ORGANELLAR_LARGE_RIBOSOMAL_SUBUNIT,0.0208895465217,False,,,,,,,,,,0.0182783532068
248,,,,chr6p25,0.0411262947154,False,,,,GO_MITOCHONDRIAL_MATRIX,0.268952911479,False,,,,,,,,,,0.0182783532068
249,,,,chr4p16,0.1109757159,False,KEGG_LEUKOCYTE_TRANSENDOTHELIAL_MIGRATION,0.0770302027986,False,GO_MUSCLE_MYOSIN_COMPLEX,0.0124031682473,True,KEGG_LEUKOCYTE_TRANSENDOTHELIAL_MIGRATION,0.0770302027986,False,,,,,,,0.0182783532068
250,,,,chr17q12,0.0894333710508,False,,,,GO_KERATIN_FILAMENT,0.0613630429099,False,,,,,,,,,,0.0182783532068
251,,,,chr3p21,0.176908347111,False,REACTOME_TRANSPORT_OF_INORGANIC_CATIONS_ANIONS_AND_AMINO_ACIDS_OLIGOPEPTIDES,0.0613630429099,False,GO_OXALATE_TRANSMEMBRANE_TRANSPORTER_ACTIVITY,0.00718078161717,True,,,,"CTCTGGA,MIR-520A,MIR-525",0.103142135954,False,REACTOME_TRANSPORT_OF_INORGANIC_CATIONS_ANIONS_AND_AMINO_ACIDS_OLIGOPEPTIDES,0.0613630429099,False,0.0182783532068
252,,,,chr2q14,0.0463486813466,False,,,,,,,,,,,,,,,,0.0182783532068
253,,,,chr5q31,0.161241187217,False,,,,,,,,,,,,,,,,0.0182783532068
254,,,,chr22q11,0.240882583336,False,,,,,,,,,,,,,,,,0.0182783532068
255,,,,chr16p13,0.220645835143,False,KEGG_PEROXISOME,0.050918269647,False,GO_OXIDOREDUCTASE_ACTIVITY_ACTING_ON_THE_CH_CH_GROUP_OF_DONORS_NAD_OR_NADP_AS_ACCEPTOR,0.0156671598916,True,KEGG_PEROXISOME,0.050918269647,False,,,,,,,0.0182783532068
256,,,,chr7q33,0.0241535381657,False,,,,GO_MITOCHONDRIAL_ENVELOPE,0.451083645213,False,,,,,,,,,,0.0182783532068
257,,,,,,,,,,GO_ATP_BIOSYNTHETIC_PROCESS,0.0235007398374,False,,,,,,,,,,0.0182783532068
