,biocarta entry,biocarta intersect,biocarta p,biocarta sig,chr entry,chr intersect,chr p,chr sig,cp entry,cp intersect,cp p,cp sig,go entry,go intersect,go p,go sig,kegg entry,kegg intersect,kegg p,kegg sig,mir entry,mir intersect,mir p,mir sig,reactome entry,reactome intersect,reactome p,reactome sig,threshold
0,,,,,chr19p13,15.0,0.000142487115203,False,KEGG_AMINOACYL_TRNA_BIOSYNTHESIS,8.0,2.22917843128e-09,True,GO_MITOCHONDRION,66.0,9.69663431328e-36,True,KEGG_AMINOACYL_TRNA_BIOSYNTHESIS,8.0,2.22917843128e-09,True,"TGGTGCT,MIR-29A,MIR-29B,MIR-29C",12.0,0.00140344860309,False,REACTOME_TRNA_AMINOACYLATION,8.0,2.74033847507e-09,True,5.11629789515e-07
1,,,,,chr6p21,2.0,0.112068481912,False,REACTOME_ADAPTIVE_IMMUNE_SYSTEM,2.0,0.110064017804,False,GO_T_CELL_RECEPTOR_SIGNALING_PATHWAY,3.0,5.21581036114e-05,True,KEGG_NICOTINATE_AND_NICOTINAMIDE_METABOLISM,1.0,0.125117934198,False,,,,,REACTOME_ADAPTIVE_IMMUNE_SYSTEM,2.0,0.110064017804,False,0.0303283730028
2,,,,,chr6p21,2.0,0.215017573111,False,REACTOME_APOPTOSIS_INDUCED_DNA_FRAGMENTATION,1.0,0.0932283681981,False,GO_POLY_A_RNA_BINDING,5.0,0.00012936012174,True,KEGG_SYSTEMIC_LUPUS_ERYTHEMATOSUS,1.0,0.990241796735,False,"ATGCAGT,MIR-217",1.0,0.815622444469,False,REACTOME_APOPTOSIS_INDUCED_DNA_FRAGMENTATION,1.0,0.0932283681981,False,0.0177513347113
3,BIOCARTA_DEATH_PATHWAY,12.0,1.39495427415e-08,False,chr17q21,28.0,0.000607426411168,False,REACTOME_IMMUNE_SYSTEM,99.0,1.10826628232e-21,False,GO_ESTABLISHMENT_OF_LOCALIZATION_IN_CELL,221.0,1.13299241099e-66,True,KEGG_PATHWAYS_IN_CANCER,47.0,4.29051699608e-15,False,"TTTGCAC,MIR-19A,MIR-19B",80.0,3.85122772477e-28,False,REACTOME_IMMUNE_SYSTEM,99.0,1.10826628232e-21,False,1.28089041102e-30
4,,,,,chr4q32,2.0,5.90934837966e-05,True,REACTOME_RESPIRATORY_ELECTRON_TRANSPORT,1.0,0.103054603725,False,GO_QUINONE_BINDING,1.0,0.0221912793756,True,,,,,"ACCAAAG,MIR-9",1.0,0.647962720357,False,REACTOME_RESPIRATORY_ELECTRON_TRANSPORT,1.0,0.103054603725,False,0.0261065351908
5,BIOCARTA_RANMS_PATHWAY,2.0,0.000382516928185,True,chr12q11,1.0,0.146573150528,False,BIOCARTA_RANMS_PATHWAY,2.0,0.000382516928185,True,GO_MOLECULAR_FUNCTION_REGULATOR,7.0,0.000170947390449,True,KEGG_SYSTEMIC_LUPUS_ERYTHEMATOSUS,2.0,0.079203545934,False,"TGCACTT,MIR-519C,MIR-519B,MIR-519A",4.0,0.00287494277347,True,REACTOME_HOST_INTERACTIONS_OF_HIV_FACTORS,3.0,0.00152590760461,True,0.00615705391336
6,,,,,chr16q22,7.0,0.106348727456,False,REACTOME_RESPIRATORY_ELECTRON_TRANSPORT_ATP_SYNTHESIS_BY_CHEMIOSMOTIC_COUPLING_AND_HEAT_PRODUCTION_BY_UNCOUPLING_PROTEINS_,12.0,4.95884823571e-08,False,GO_ENDOPLASMIC_RETICULUM,49.0,4.82059155016e-08,False,KEGG_PARKINSONS_DISEASE,13.0,1.71698521727e-07,False,"GCACTTT,MIR-17-5P,MIR-20A,MIR-106A,MIR-106B,MIR-20B,MIR-519D",25.0,1.29383799552e-06,False,REACTOME_RESPIRATORY_ELECTRON_TRANSPORT_ATP_SYNTHESIS_BY_CHEMIOSMOTIC_COUPLING_AND_HEAT_PRODUCTION_BY_UNCOUPLING_PROTEINS_,12.0,4.95884823571e-08,False,7.54635085856e-12
7,BIOCARTA_P53_PATHWAY,1.0,0.0208861372794,True,chr8q13,1.0,0.073069660916,False,SA_PROGRAMMED_CELL_DEATH,1.0,0.0156652848098,True,GO_ESTABLISHMENT_OF_PROTEIN_LOCALIZATION_TO_MEMBRANE,2.0,0.000986292972784,True,KEGG_PRION_DISEASES,1.0,0.0456789788712,False,,,,,REACTOME_INTRINSIC_PATHWAY_FOR_APOPTOSIS,1.0,0.039155541234,False,0.0261065351908
8,BIOCARTA_RHO_PATHWAY,4.0,0.0123614704651,False,chr19p13,38.0,2.52119665923e-15,True,KEGG_RIBOSOME,19.0,6.12480616638e-18,True,GO_RNA_BINDING,99.0,1.90470525207e-43,True,KEGG_RIBOSOME,19.0,6.12480616638e-18,True,"AGCACTT,MIR-93,MIR-302A,MIR-302B,MIR-302C,MIR-302D,MIR-372,MIR-373,MIR-520E,MIR-520A,MIR-526B,MIR-520B,MIR-520C,MIR-520D",15.0,0.000236485056904,False,REACTOME_METABOLISM_OF_MRNA,28.0,6.7645340049e-17,True,2.00243041674e-11
9,BIOCARTA_GLYCOLYSIS_PATHWAY,2.0,0.000267886194072,True,chr9q34,2.0,0.19697401609,False,REACTOME_GLUCOSE_METABOLISM,3.0,0.000126761119475,True,GO_REGULATION_OF_RESPONSE_TO_STRESS,11.0,2.68517868675e-10,True,KEGG_PRION_DISEASES,2.0,0.00351773208131,True,"CTGAGCC,MIR-24",2.0,0.148814802228,False,REACTOME_GLUCOSE_METABOLISM,3.0,0.000126761119475,True,0.00760287862829
10,,,,,chr10p15,1.0,0.12516553075,False,PID_TAP63_PATHWAY,1.0,0.105631409734,False,GO_PROTEIN_HOMOOLIGOMERIZATION,2.0,0.00260113849203,True,KEGG_STEROID_HORMONE_BIOSYNTHESIS,1.0,0.107585204895,False,,,,,,,,,0.0313240931016
11,,,,,chr10q26,1.0,0.521856043515,False,REACTOME_RECRUITMENT_OF_NUMA_TO_MITOTIC_CENTROSOMES,1.0,0.0326271340177,True,GO_POSITIVE_REGULATION_OF_MITOCHONDRIAL_MEMBRANE_PERMEABILITY,1.0,0.0587083969209,False,KEGG_RIBOSOME,1.0,0.286145750646,False,,,,,REACTOME_RECRUITMENT_OF_NUMA_TO_MITOTIC_CENTROSOMES,1.0,0.0326271340177,True,0.0391491529923
12,,,,,chr19p12,1.0,0.0808932688447,False,REACTOME_COPI_MEDIATED_TRANSPORT,1.0,0.0130546881108,True,GO_COPI_VESICLE_COAT,1.0,0.0169705405433,True,,,,,,,,,REACTOME_COPI_MEDIATED_TRANSPORT,1.0,0.0130546881108,True,0.0261065351908
13,BIOCARTA_PROTEASOME_PATHWAY,16.0,6.13198368734e-11,False,chr19q13,144.0,4.54862794281e-19,False,REACTOME_CELL_CYCLE_MITOTIC,111.0,1.73426265659e-47,False,GO_RNA_BINDING,390.0,1.44370307056e-116,True,KEGG_SPLICEOSOME,44.0,6.48228195904e-19,False,"GCACTTT,MIR-17-5P,MIR-20A,MIR-106A,MIR-106B,MIR-20B,MIR-519D",138.0,2.32506417889e-37,False,REACTOME_CELL_CYCLE_MITOTIC,111.0,1.73426265659e-47,False,7.29462390304e-60
14,BIOCARTA_NFAT_PATHWAY,15.0,3.11679601674e-10,False,chr3p21,27.0,1.20076654976e-07,False,REACTOME_HEMOSTASIS,67.0,3.08259862329e-28,True,GO_ENZYME_BINDING,219.0,8.59553881428e-85,True,KEGG_INSULIN_SIGNALING_PATHWAY,32.0,6.3178371301e-20,False,"ACCAAAG,MIR-9",100.0,3.67876773943e-56,True,REACTOME_HEMOSTASIS,67.0,3.08259862329e-28,True,9.331627511e-24
15,BIOCARTA_CTCF_PATHWAY,2.0,0.000258209988466,True,chr20q12,1.0,0.298333638233,False,BIOCARTA_CTCF_PATHWAY,2.0,0.000258209988466,True,GO_POSITIVE_REGULATION_OF_DEVELOPMENTAL_PROCESS,5.0,3.26764718567e-05,True,KEGG_PATHWAYS_IN_CANCER,2.0,0.0530620186932,False,"TACGGGT,MIR-99A,MIR-100,MIR-99B",1.0,0.134870768524,False,REACTOME_MTORC1_MEDIATED_SIGNALLING,1.0,0.0645708078065,False,0.0234517902839
16,BIOCARTA_INSULIN_PATHWAY,1.0,0.129018048596,False,chr2p22,1.0,0.32743960026,False,REACTOME_IRAK2_MEDIATED_ACTIVATION_OF_TAK1_COMPLEX_UPON_TLR7_8_OR_9_STIMULATION,1.0,0.0528398579351,False,GO_POSITIVE_REGULATION_OF_NF_KAPPAB_TRANSCRIPTION_FACTOR_ACTIVITY,2.0,0.00872687961162,True,KEGG_SELENOAMINO_ACID_METABOLISM,1.0,0.152422812874,False,"ACTGTGA,MIR-27A,MIR-27B",2.0,0.109283186507,False,REACTOME_IRAK2_MEDIATED_ACTIVATION_OF_TAK1_COMPLEX_UPON_TLR7_8_OR_9_STIMULATION,1.0,0.0528398579351,False,0.0234517902839
17,BIOCARTA_TID_PATHWAY,3.0,0.00733698800954,False,chr1p13,7.0,0.00135629319351,False,REACTOME_HIV_LIFE_CYCLE,7.0,0.000571543644324,False,GO_PROTEIN_LOCALIZATION,54.0,1.85826052851e-19,True,KEGG_UBIQUITIN_MEDIATED_PROTEOLYSIS,6.0,0.00906390664715,False,"TGCCTTA,MIR-124A",23.0,8.4929803762e-11,True,REACTOME_HIV_LIFE_CYCLE,7.0,0.000571543644324,False,1.02245736589e-07
18,BIOCARTA_CLASSIC_PATHWAY,1.0,0.0365411970698,False,chr1q22,1.0,0.221343614986,False,BIOCARTA_CLASSIC_PATHWAY,1.0,0.0365411970698,False,GO_COENZYME_METABOLIC_PROCESS,2.0,0.00591735633875,True,KEGG_TERPENOID_BACKBONE_BIOSYNTHESIS,1.0,0.0391500045959,False,"GCTGAGT,MIR-512-5P",1.0,0.135556183717,False,REACTOME_CHOLESTEROL_BIOSYNTHESIS,1.0,0.0626216070737,False,0.0339322191861
19,,,,,chr1q22,1.0,0.221343614986,False,PID_HIF1A_PATHWAY,1.0,0.0495835311793,False,GO_CARBOHYDRATE_HOMEOSTASIS,2.0,0.00243676652802,True,KEGG_PATHOGENIC_ESCHERICHIA_COLI_INFECTION,1.0,0.153768986262,False,"AAGTCCA,MIR-422B,MIR-422A",1.0,0.184971551246,False,REACTOME_LOSS_OF_NLP_FROM_MITOTIC_CENTROSOMES,1.0,0.153768986262,False,0.0339322191861
20,BIOCARTA_IGF1MTOR_PATHWAY,1.0,0.234183233051,False,chr22q11,2.0,0.271081602368,False,REACTOME_METABOLISM_OF_MRNA,5.0,2.09404180871e-06,True,GO_CATABOLIC_PROCESS,10.0,7.04680070713e-09,True,KEGG_RIBOSOME,3.0,0.000162657694377,True,,,,,REACTOME_METABOLISM_OF_MRNA,5.0,2.09404180871e-06,True,0.00918639676661
21,BIOCARTA_RB_PATHWAY,1.0,0.0254524873374,True,chr22q,1.0,0.0117490914918,True,PID_ATF2_PATHWAY,2.0,0.00014570962843,True,GO_REGULATION_OF_CELLULAR_AMIDE_METABOLIC_PROCESS,2.0,0.00529812322169,True,KEGG_T_CELL_RECEPTOR_SIGNALING_PATHWAY,2.0,0.000491707341346,True,,,,,REACTOME_DEVELOPMENTAL_BIOLOGY,2.0,0.00662781398952,True,0.0313240931016
22,BIOCARTA_AGPCR_PATHWAY,1.0,0.101690399564,False,chr4p16,2.0,0.0262870601972,False,KEGG_RIBOSOME,2.0,0.00708881747237,True,GO_POLY_A_RNA_BINDING,5.0,0.000217091957232,True,KEGG_RIBOSOME,2.0,0.00708881747237,True,"CTACTAG,MIR-325",1.0,0.140717884235,False,REACTOME_PEPTIDE_CHAIN_ELONGATION,2.0,0.0213310500138,False,0.0161496317806
23,BIOCARTA_RANMS_PATHWAY,1.0,0.370061116482,False,chr19p13,7.0,0.000448388808611,True,PID_PLK1_PATHWAY,3.0,0.00079317458469,True,GO_ORGANONITROGEN_COMPOUND_METABOLIC_PROCESS,14.0,8.77652982599e-07,True,KEGG_CELL_CYCLE,3.0,0.0165974132431,False,"CCAGGGG,MIR-331",3.0,0.00736611980787,False,REACTOME_CELL_CYCLE,5.0,0.00534996622047,False,0.00162390167574
24,,,,,chr9q34,2.0,0.0440241469866,False,REACTOME_CELL_CYCLE_MITOTIC,2.0,0.064833791168,False,GO_MATURATION_OF_SSU_RRNA_FROM_TRICISTRONIC_RRNA_TRANSCRIPT_SSU_RRNA_5_8S_RRNA_LSU_RRNA_,3.0,1.21015499549e-06,True,KEGG_PROGESTERONE_MEDIATED_OOCYTE_MATURATION,1.0,0.556756479332,False,,,,,REACTOME_CELL_CYCLE_MITOTIC,2.0,0.064833791168,False,0.0197323663527
25,BIOCARTA_DREAM_PATHWAY,1.0,0.0639199677072,False,chr19p,1.0,0.0365400047754,True,PID_HNF3A_PATHWAY,2.0,0.000562682433204,True,GO_RHYTHMIC_PROCESS,4.0,1.79175692679e-06,True,KEGG_TGF_BETA_SIGNALING_PATHWAY,1.0,0.39081059051,False,"TATTATA,MIR-374",2.0,0.0234896958688,True,REACTOME_DEVELOPMENTAL_BIOLOGY,2.0,0.0453448483629,False,0.0396538255232
26,BIOCARTA_PTDINS_PATHWAY,1.0,0.179698665014,False,chr11q13,2.0,0.107069339251,False,REACTOME_TCA_CYCLE_AND_RESPIRATORY_ELECTRON_TRANSPORT,2.0,0.0181376183723,False,GO_ENERGY_DERIVATION_BY_OXIDATION_OF_ORGANIC_COMPOUNDS,3.0,0.000664100505438,True,KEGG_CITRATE_CYCLE_TCA_CYCLE,1.0,0.249746538734,False,,,,,REACTOME_TCA_CYCLE_AND_RESPIRATORY_ELECTRON_TRANSPORT,2.0,0.0181376183723,False,0.0161496317806
27,,,,,chr22q11,2.0,0.0189832122899,True,REACTOME_FORMATION_OF_THE_TERNARY_COMPLEX_AND_SUBSEQUENTLY_THE_43S_COMPLEX,1.0,0.24076922003,False,GO_RIBOSOME,2.0,0.00715316271718,True,KEGG_RIBOSOME,1.0,0.286145750646,False,,,,,REACTOME_FORMATION_OF_THE_TERNARY_COMPLEX_AND_SUBSEQUENTLY_THE_43S_COMPLEX,1.0,0.24076922003,False,0.0391491529923
28,BIOCARTA_MAPK_PATHWAY,22.0,1.36512061106e-06,False,chr12q24,49.0,3.71968443154e-08,False,REACTOME_IMMUNE_SYSTEM,181.0,2.1182216104e-37,False,GO_ENZYME_BINDING,404.0,1.38751111302e-112,True,KEGG_UBIQUITIN_MEDIATED_PROTEOLYSIS,47.0,6.79547659453e-20,False,"GTGCCTT,MIR-506",147.0,2.52437077242e-32,False,REACTOME_IMMUNE_SYSTEM,181.0,2.1182216104e-37,False,2.87333117392e-60
